user,timeout,seconds,threads,stream,bandwidth,throughput,droprate-belatrix,droprate-dobby,droprate-draco,droprate-harry,latency-belatrix,latency-dobby,latency-draco,latency-harry,droprate-total,latency-total
c14jmt, 1000, 60, 50, [4], 171212.63620913724, 0.2902775000833083, 6.999732834624632, 6.827202963747022, 6.981460023174971, 7.234915055653193, 147.11979316288424, 146.79295654643568, 148.19277483649952, 147.62835491000948, 7.010827719299955, 147.4334698639572
c14jmt, 1000, 60, 100, [4], 258418.35357624828, 0.43812790523316836, 6.857559730074776, 7.284273440418379, 6.902294596595114, 7.314410480349346, 218.79792441746622, 221.7189766317486, 222.67879149274498, 213.90007852375342, 7.089634561859404, 219.27394276642832
c14jmt, 1000, 60, 150, [4], 192630.15843926495, 0.32658921718896644, 7.0511323838431, 6.943356825894022, 7.364847218594933, 6.820319849482597, 492.56945491082644, 559.5079943899018, 541.20890893713, 483.0749621403332, 7.044914069453664, 519.0903300945479
c14jmt, 1000, 60, 200, [4], 225630.22690167592, 0.38253822649074287, 7.442709389576151, 6.91418408181414, 6.1964403427818056, 7.180209171359614, 571.6115249780894, 636.6665870551708, 630.6615132349497, 567.2342361863489, 6.933385746382927, 601.5434653636397
c14jmt, 1000, 60, 250, [4], 254853.16502073378, 0.43208340966243114, 6.906423331544105, 7.016856134849078, 6.710756662127991, 6.814095649047106, 644.9753988083797, 713.7384064080944, 696.1094662218516, 638.1543507621069, 6.86203294439207, 673.2444055501081
c14jmt, 1000, 60, 300, [4], 268028.3045570337, 0.45442081800169826, 6.9325573433755565, 7.141539029341207, 6.691244239631336, 7.2587532023911185, 744.6889828949788, 806.4465421303656, 806.7376531015409, 740.7366482504605, 7.006023453684804, 774.6524565943364
c14jmt, 1000, 60, 350, [4], 319278.4559276591, 0.5413114012445392, 7.021337946943483, 10.071832492740333, 7.286056253740275, 6.834636547929337, 735.0251201736703, 775.2051325628823, 755.4821687913507, 730.0648119365869, 7.803465810338357, 748.9443083661226
c14jmt, 1000, 60, 400, [4], 414077.1778018138, 0.702035145741465, 6.981239340534394, 7.102656461053579, 6.585393642474649, 7.820102052925122, 654.5188852218555, 646.4812795347146, 657.2660080497621, 679.8565911431514, 7.122347874246936, 659.5306909873709
c14jmt, 1000, 60, 450, [4], 410318.71315815765, 0.6956629658307523, 7.233273056057866, 6.510090069547372, 7.268198799954716, 11.804901036757776, 742.391081871345, 751.1880487804879, 736.0323525821024, 751.5944429601924, 8.204115740579432, 745.3014815485319
c14jmt, 1000, 60, 500, [4], 414814.57813280076, 0.7032853497531479, 7.25651732310123, 6.790335508988893, 7.20009028326374, 9.503562399448402, 826.2355804331954, 840.5007371007371, 825.6284810896267, 836.6827936507937, 7.687626378700566, 832.2618980685882
c14jmt, 1000, 60, 50, [4], 97908.3229192702, 0.1659958274320309, 7.555555555555555, 7.464212678936605, 6.715634837355719, 7.724523033969288, 290.8192307692308, 348.19723756906075, 330.9527559055118, 276.4422592032274, 7.364981526454291, 311.6028708617577
c14jmt, 1000, 60, 100, [4], 155345.39638108565, 0.2633758483566041, 7.233681831025714, 7.460732984293193, 7.078795643818066, 7.208543458914268, 376.6497106305209, 447.25919377652053, 437.7145811789038, 398.8366368286445, 7.24543847951281, 415.1150306036474
c14jmt, 1000, 60, 150, [4], 198701.65442095266, 0.33688295901989856, 7.221846084405326, 7.133822413356944, 6.176620724859623, 7.435197817189632, 473.87764534176597, 540.809861073277, 534.3182807399347, 461.60820437239005, 6.991871759952881, 502.65349788184193
c14jmt, 1000, 60, 200, [4], 267630.54778088763, 0.45374645280776577, 6.725297465080186, 7.094778970347463, 6.66908300108735, 7.045494777836785, 478.4649657977445, 507.2157822596436, 506.32873786407765, 491.194629594363, 6.883663553587946, 495.80102887895725
c14jmt, 1000, 60, 250, [4], 420315.6843156843, 0.7126120407370407, 7.1630643883670935, 6.794464609800363, 6.542902422458682, 6.918882072256305, 381.6618722574354, 384.93038821954485, 378.7232315891473, 377.58208226534845, 6.854828373220611, 380.724393582869
c14jmt, 1000, 60, 300, [4], 413761.7905675459, 0.7015004315991651, 6.9698692438885725, 7.326172979084228, 7.012368092590491, 6.683465322774178, 472.06783182595944, 467.3808710503843, 470.83685173886516, 504.15738716728816, 6.997968909584368, 478.61073544562424
c14jmt, 1000, 60, 350, [4], 419814.43196005, 0.7117622069635179, 6.476949345475242, 6.711333181921416, 6.813786827437152, 6.848072562358276, 570.3488315481986, 567.4755934266585, 560.4581298828125, 558.3859542356378, 6.712535479298022, 564.1671272733269
c14jmt, 1000, 60, 400, [4], 321309.38389572344, 0.5447546791851865, 13.985742060920286, 14.665977516474996, 14.758531873792661, 24.714448886350656, 728.6983122362869, 722.6594488188977, 719.2597069043662, 744.9283140527214, 17.03117508438465, 728.8864455030681
c14jmt, 1000, 60, 450, [4], 235634.91059238787, 0.3995003773878104, 35.63440563302499, 36.47141848976712, 34.37941758552446, 35.73811509591326, 855.1542256542257, 888.7336147522773, 883.9877208099957, 858.4073112697382, 35.55583920105746, 871.5707181215593
c14jmt, 1000, 60, 500, [4], 174091.07856191747, 0.2951576717154905, 72.29559281792551, 46.93301049233253, 45.85437151209142, 49.471974004874085, 1038.787359400107, 917.6697084917618, 904.9045398773006, 919.8314576634513, 53.638737206805885, 945.2982663581552
c14jmt, 1000, 60, 50, [4], 144463.08422894278, 0.24492574772973424, 7.263092269326683, 7.200247218788627, 6.5712426805465185, 7.857952398942198, 182.64235294117648, 181.3876123876124, 179.04213091922006, 207.64944649446494, 7.223133641901007, 187.6803856856185
c14jmt, 1000, 60, 100, [4], 288641.3755185685, 0.4893686515275209, 6.904525933267261, 7.174666006927263, 7.153453106972145, 7.044334975369458, 190.89655784244144, 187.76457000710732, 187.58565595597372, 187.8544426779721, 7.069245005634032, 188.52530662087364
c14jmt, 1000, 60, 150, [4], 302729.6171658947, 0.5132541523673074, 7.2744302216671874, 6.782636450686243, 6.610786019294639, 7.047293092719354, 303.43333333333334, 316.33932545796955, 303.8159187129551, 294.29121338912137, 6.928786446091856, 304.46994772334483
c14jmt, 1000, 60, 200, [4], 320505.3473263368, 0.5433914986950968, 6.464616303374142, 6.65068903535051, 7.133343199644812, 7.0180633698549, 407.8657621707901, 407.64553915275997, 399.03362549800795, 400.19156050955417, 6.8166779770560915, 403.68412183277803
c14jmt, 1000, 60, 250, [4], 406605.53880997194, 0.6893675720383909, 7.070588235294117, 7.116322266078477, 6.706600892647405, 6.9203747072599535, 398.16343840992533, 391.6854143232096, 392.27445549540477, 389.28531890803873, 6.953471525319988, 392.8521567841446
c14jmt, 1000, 60, 300, [4], 419910.0809271656, 0.7119243722316582, 6.820756854747337, 7.459154929577465, 7.051209265357103, 6.565024462396177, 471.5356274319066, 464.5229514184829, 471.5577815783044, 475.5204578665368, 6.9740363780195205, 470.7842045738077
c14jmt, 1000, 60, 350, [4], 215163.26462655255, 0.3647923187706037, 33.8946723821188, 35.472, 34.40210656753408, 34.6432424102327, 661.9935155164428, 671.0054549962807, 654.9272727272727, 647.1089365715633, 34.60300533997139, 658.75879495289
c14jmt, 1000, 60, 400, [4], 52292.73490044616, 0.08865820126079332, 80.11586619323491, 84.34453948677142, 79.20238538948938, 79.02894491129786, 1077.8157894736842, 1205.7191867852605, 1088.0618279569892, 1072.9910952804987, 80.67293399519839, 1111.146974874108
c14jmt, 1000, 60, 450, [4], 38777.15998002331, 0.06574361161977693, 86.93242760100107, 88.06945481702763, 84.34012400354295, 86.03692417996056, 1209.7715458276334, 1322.173708920188, 1143.3201357466064, 1191.6842105263158, 86.34473265038305, 1216.737400255186
c14jmt, 1000, 60, 500, [4], 41061.58865437113, 0.06961667998313248, 84.97803311929705, 87.29849424269264, 86.27749576988155, 86.67895442359249, 1233.2744656917885, 1417.694560669456, 1321.7472256473488, 1285.319496855346, 86.30824438886593, 1314.5089372159848
c14jmt, 1000, 60, 50, [4], 84386.32273545291, 0.14307034426448043, 7.709011943539632, 6.6275659824046915, 5.977653631284916, 7.16743119266055, 371.1805882352941, 414.5672110552764, 360.5531788472965, 363.53798641136507, 6.870415687472447, 377.459741137308
c14jmt, 1000, 60, 100, [4], 309851.4087675158, 0.5253285874557764, 7.37972909855208, 6.84847556304581, 6.851624770079706, 6.9328051196099345, 169.81173306438058, 170.84309210526317, 170.60770116833964, 168.76309757694827, 7.003158637821882, 170.00640597873291
c14jmt, 1000, 60, 150, [4], 414498.51809917076, 0.7027494949326761, 6.641689373297003, 7.012368092590491, 6.992532247114731, 6.38092944859138, 205.04086099963516, 201.96949359365468, 193.75815085158152, 216.06597222222223, 6.7568797903984015, 204.2086194167734
c14jmt, 1000, 60, 200, [4], 392756.4920463064, 0.6658876072291164, 7.188065099457505, 6.345032582599748, 6.813786827437152, 12.496417311550587, 285.9309547004384, 296.4385986328125, 291.5118408203125, 339.99115623976417, 8.210825455261247, 303.4681375983319
c14jmt, 1000, 60, 250, [4], 419639.14882280456, 0.711465028250469, 7.014368141192443, 6.8926296633303, 7.28364295423652, 7.0613490001129815, 382.77223506509307, 385.6763987295382, 374.35809407452655, 374.0841235108194, 7.06299743971806, 379.2227128449943
c14jmt, 1000, 60, 300, [4], 324076.5349452965, 0.549446165204021, 8.478998173754238, 8.617312965139053, 8.673469387755102, 24.399582318134357, 543.2058152793614, 543.1607372481783, 544.9995702621401, 656.9099907918969, 12.542340711195688, 572.0690283953941
c14jmt, 1000, 60, 350, [4], 322190.7298881193, 0.5462489316950808, 8.301453710788065, 8.009677830128613, 7.514740935892611, 34.954233409610985, 639.269364483382, 638.8413621262458, 622.6317145957678, 897.8528290823805, 14.695026471605068, 699.648817571944
c14jmt, 1000, 60, 400, [4], 303011.53673275735, 0.5137321247232349, 13.388324873096447, 32.99319727891156, 13.579776422764228, 21.278639045136508, 707.1969230769231, 770.7632671896631, 708.0752609143025, 733.421052631579, 20.309984404977186, 729.8641259531169
c14jmt, 1000, 60, 450, [4], 250050.6742134177, 0.42394116586204983, 27.617643115699153, 44.52784867137067, 30.811105062602067, 27.920685959271168, 848.818670124097, 925.5244925575101, 855.3780487804878, 831.4739776951673, 32.71932070223576, 865.2987972893156
c14jmt, 1000, 60, 500, [4], 22778.848554451488, 0.038619738353223146, 93.1280923584387, 89.40325497287522, 93.50816064551623, 91.41859610437339, 889.0746666666666, 856.80204778157, 868.0451977401129, 867.1798715203427, 91.86452602030087, 870.2754459271731
c14jmt, 1000, 60, 50, [4], 111895.22619345163, 0.18970951706517813, 7.586763518966909, 7.021369385085041, 6.3811563169164875, 7.412223667100131, 224.3650655021834, 253.6125703564728, 228.4117108874657, 221.3188202247191, 7.100378222017142, 231.92704174271023
c14jmt, 1000, 60, 100, [4], 277578.9526300881, 0.47061318737468827, 6.521739130434782, 7.04621331927605, 6.689361702127659, 7.049208241103353, 202.79912104010253, 205.71304347826086, 199.93451295147756, 197.15607254075837, 6.826630598235462, 201.40068750264984
c14jmt, 1000, 60, 150, [4], 311906.03601952584, 0.5288120456602746, 7.648298705209275, 7.028704422032583, 6.737967914438503, 7.24309642372114, 286.56863384414737, 302.98664886515354, 289.0555373525557, 280.6185130958191, 7.164516866350375, 289.8073332894189
c14jmt, 1000, 60, 200, [4], 267232.7836081959, 0.45307207507357433, 7.684512751224455, 11.336423329470838, 7.482409473142269, 6.944919603147451, 463.2446030003659, 517.0825528207362, 473.31292895566685, 474.97095588235294, 8.362066289246254, 482.15276016478043
c14jmt, 1000, 60, 250, [4], 419815.9564370285, 0.7117647915938119, 7.056681083541999, 6.755525176577808, 6.856300997280145, 6.8802165576359124, 384.5818025961303, 386.9251069028711, 377.11059739627694, 374.45893895348837, 6.887180953758966, 380.7691114621917
c14jmt, 1000, 60, 300, [4], 420217.0046957738, 0.7124447372364872, 6.9537552550846495, 6.7104964860575835, 6.500912408759124, 7.236916150815982, 472.395652704848, 472.3240583232078, 476.891314954867, 465.62060179568067, 6.850520075179335, 471.8079069446509
c14jmt, 1000, 60, 350, [4], 411988.4127459793, 0.6984938095872317, 6.775067750677506, 10.058535419902043, 6.778692272519433, 6.9019784172661875, 563.1977955426356, 574.8554920972241, 564.0338442673207, 553.0205264428882, 7.628568465091293, 563.7769145875171
c14jmt, 1000, 60, 400, [4], 416482.12829007604, 0.7061125493199261, 6.669701798315502, 8.185712631700822, 6.902014030323603, 7.247685707834725, 655.8128048780488, 662.2370744010088, 650.5013368983957, 647.6175754625121, 7.2512785420436625, 654.0421979099914
c14jmt, 1000, 60, 450, [4], 382894.03499425645, 0.6491665903629836, 16.33490167692122, 8.554230813751591, 7.102465505541733, 16.851494696239154, 768.0315789473684, 757.0155696202531, 736.1137083028975, 756.5137721078573, 12.210773173113424, 754.4186572445941
c14jmt, 1000, 60, 500, [4], 398473.5659727422, 0.6755804544622501, 7.1022727272727275, 6.993725042783799, 6.7704191752811544, 20.00722282412423, 834.0670336391437, 837.8486261040235, 833.6115511149019, 842.2012039127163, 10.21840994236548, 836.9321036926964
c14jmt, 1000, 60, 50, [4], 175931.2005047067, 0.2982774531126348, 6.182657773217034, 6.98853027473993, 6.184137548530227, 6.782559133656313, 146.5548263604047, 147.91396616002294, 146.19302394324563, 146.37389177621523, 6.534471182535876, 146.75892705997214
c14jmt, 1000, 60, 100, [4], 337065.2449183605, 0.5714674969454625, 7.523645743766122, 7.482896237172178, 6.962466862006418, 6.786703601108034, 147.61723229505657, 147.8333076567555, 147.38212357528494, 148.0439821693908, 7.188928111013188, 147.71916142412195
c14jmt, 1000, 60, 150, [4], 354551.0877169604, 0.6011133621503371, 7.772088748851254, 7.922996333158721, 7.284420527628297, 8.070811262893782, 238.79387900355871, 236.72308348741288, 233.4980181200453, 247.18968915845338, 7.762579218133014, 239.05116744236756
c14jmt, 1000, 60, 200, [4], 316312.05957319203, 0.5362821105502523, 8.869179600886918, 6.735306735306736, 6.417112299465241, 8.080652608896413, 421.36339937434826, 385.6951855259123, 392.672277992278, 410.5920964501005, 7.525562811138828, 402.58073983565976
c14jmt, 1000, 60, 250, [4], 322996.15288533596, 0.547614462764038, 7.027263449482432, 7.132626754511601, 7.307968413496052, 9.649923896499239, 514.4878469499765, 501.944632942628, 493.36431226765797, 506.39521563342316, 7.7794456284973315, 504.0480019484214
c14jmt, 1000, 60, 300, [4], 333803.5036301872, 0.5659374722462754, 8.04894629503739, 8.358128212063836, 7.645764576457646, 10.829774252593044, 572.3773473310661, 567.6858028335301, 581.4340381179273, 634.4774204584331, 8.72065333403798, 588.9936521852392
c14jmt, 1000, 60, 350, [4], 318801.13891802786, 0.5405021479594385, 7.415083477259643, 7.477592829705506, 6.635125778906071, 69.84461922117782, 573.4656137296356, 644.0689177968447, 570.8677542948956, 696.4440203562341, 22.84310532676226, 621.2115765444025
c14jmt, 1000, 60, 400, [4], 280017.8482235024, 0.47474814219750705, 6.732292373840236, 36.7012650016218, 7.106252135292109, 64.66681425725038, 651.7090864976343, 812.111965155009, 654.8801029790365, 1072.2449874686718, 28.801655942001133, 797.7365355250879
c14jmt, 1000, 60, 450, [4], 338668.6197483188, 0.5741858923141798, 25.129430505774593, 24.9269717624148, 7.039690663027407, 13.093817140128907, 778.1125886524823, 850.2101167315175, 741.063616344507, 748.8454882571075, 17.547477517836427, 779.5579524964035
c14jmt, 1000, 60, 500, [4], 373210.8259262957, 0.6327494742945281, 9.587628865979383, 9.982768523836876, 9.516184376072287, 26.79230363732209, 833.091220068415, 835.2997702909648, 832.0915181392998, 918.396399639964, 13.969721350802658, 854.7197270346609
c14jmt, 1000, 60, 50, [4], 106975.90722783163, 0.1813692003510058, 7.372549019607844, 8.022071307300509, 7.850707850707852, 10.47872340425532, 249.46697713801862, 271.1975080756807, 248.4217877094972, 306.82768865121807, 8.43101289546788, 268.97849039360364
c14jmt, 1000, 60, 100, [4], 217140.00099965013, 0.3681437191427445, 7.045215562565721, 7.021276595744681, 7.419150285351934, 9.264565425023878, 262.04276018099546, 266.3821510297483, 260.2714611872146, 285.33, 7.6875519671715535, 268.5065930994896
c14jmt, 1000, 60, 150, [4], 327018.9421074552, 0.5544347841177287, 6.57258064516129, 6.815432181744859, 6.419148646810825, 13.291139240506327, 256.4210904905769, 254.4115695326024, 252.8261880540619, 289.18998957247135, 8.274575178555825, 263.21220941242814
c14jmt, 1000, 60, 200, [4], 413165.4477301125, 0.7004893794252395, 7.209995414947272, 6.492000927428704, 6.5722248026010215, 7.154340836012862, 289.806917850525, 299.6941482767171, 299.05393984588613, 291.27334570191715, 6.8571404952474655, 294.9570879187613
c14jmt, 1000, 60, 250, [4], 367481.73930421175, 0.6230362604848425, 8.573615718295484, 8.451062746595394, 9.252713961120929, 9.235628553379659, 429.79974881384317, 429.19227026275547, 411.77813325914593, 411.0599944320713, 8.878255244847866, 420.457536691954
c14jmt, 1000, 60, 300, [4], 336390.0359664314, 0.570322733504285, 7.283072546230442, 6.8510638297872335, 6.483861753784632, 7.101086048454469, 608.2104940165696, 607.994213491701, 614.5853695784973, 594.7547961630695, 6.929771044564195, 606.3862183124593
c14jmt, 1000, 60, 350, [4], 412758.6103573985, 0.6997996187971302, 7.774215708724524, 7.709906199954244, 8.14730878186969, 7.793545433737697, 565.8114214773433, 565.7711948438275, 550.3857636318776, 558.5696909519672, 7.856244031071539, 560.134517726254
c14jmt, 1000, 60, 400, [4], 386167.3964802451, 0.6547163161896516, 8.282730143308234, 8.412466520574629, 8.423090887087014, 8.209861549672091, 680.3196504237288, 681.513359032301, 677.2680058147218, 680.2802328658375, 8.332037275160491, 679.8453120341472
c14jmt, 1000, 60, 450, [4], 336982.07061878836, 0.5713264814907301, 16.627196809173626, 17.672845691382765, 17.755255255255257, 17.724233631891007, 791.1998804006578, 787.7918758557736, 775.1096911608093, 787.1102422569763, 17.444882846925662, 785.3029224185543
c14jmt, 1000, 60, 500, [4], 338545.3213940948, 0.5739768496943067, 18.951858622790983, 18.73152709359606, 18.975239029173817, 19.460313601555853, 855.1282706766917, 863.8289134717381, 858.3320726172466, 846.7274373679445, 19.029734586779178, 856.0041735334053
c14jmt, 1000, 60, 50, [4], 167105.06847945615, 0.2833134434669599, 7.713574785734034, 7.6480263157894735, 7.365023474178403, 7.013969732246799, 149.07729179149192, 147.68714752151973, 147.30693696547354, 148.83818466353677, 7.435148576987178, 148.22739023550548
c14jmt, 1000, 60, 100, [4], 344762.53311341035, 0.5845176410478555, 6.59010117582718, 6.5852654685142, 6.984478935698448, 7.1951562940016895, 148.20667447306792, 148.7156704361874, 147.64958283671038, 148.79214079805797, 6.83875046851038, 148.34101713600592
c14jmt, 1000, 60, 150, [4], 420010.5955851729, 0.7120947868943497, 7.2702487788254, 7.1113623516110795, 6.518518518518518, 6.825630014690925, 199.81232390052676, 199.7682570593963, 199.78251859075948, 194.8913280776228, 6.931439915911481, 198.56360690707635
c14jmt, 1000, 60, 200, [4], 420271.07349903375, 0.7125364066213544, 6.744634949472012, 7.1089511754068715, 7.040343541643123, 6.655270655270655, 291.4835017654937, 286.65713590461127, 286.78665207877464, 293.39897448419, 6.887300080448165, 289.5815660582674
c14jmt, 1000, 60, 250, [4], 384268.5761865113, 0.6514970163752429, 7.8222548659566655, 7.647711853953373, 7.343941248470013, 7.822540781018289, 414.898406374502, 418.8684386269534, 408.9730515191546, 411.0040219868615, 7.659112187349585, 413.43597962686783
c14jmt, 1000, 60, 300, [4], 419492.6819521454, 0.711216705241132, 6.884306987399771, 6.967537608867776, 7.2542372881355925, 6.468452110758058, 477.0263255012917, 469.2973860182371, 467.05250974658867, 474.4305993690852, 6.893633498790299, 471.9517051588007
c14jmt, 1000, 60, 350, [4], 355681.9816220535, 0.6030307034336573, 11.206784083496412, 10.74964639321075, 9.584295612009237, 9.270497094899936, 642.5733176608875, 634.9052009796859, 630.0570455512984, 635.2073431051658, 10.202805795904084, 635.6857268242594
c14jmt, 1000, 60, 400, [4], 295026.6509080619, 0.5001943815579933, 19.63646378408152, 18.719889883000686, 20.82760516909541, 22.541666666666664, 772.4924605894448, 774.9839119390347, 766.0767494356659, 770.5085171239017, 20.43140637571107, 771.0154097720117
c14jmt, 1000, 60, 450, [4], 270029.26536931295, 0.4578132889969092, 30.727575673424052, 27.004219409282697, 25.581395348837212, 29.045984900480438, 867.6009220284626, 849.1103859779973, 822.2378571428571, 842.7407622364094, 28.0897938330061, 845.4224818464317
c14jmt, 1000, 60, 500, [4], 216028.3617116892, 0.36625902254179077, 51.86449938532988, 38.43269106427002, 47.19445555111289, 39.27173061863743, 940.8022133938706, 905.1703423650494, 924.5449268046441, 913.2228669675478, 44.190844154837556, 920.935087382778
c14jmt, 1000, 60, 50, [4], 154933.2267093163, 0.2626770472366609, 6.629345904537419, 7.468506298740252, 6.4454976303317535, 7.273309836590837, 173.41495739981067, 170.23857374392222, 172.2434988179669, 168.9827228749136, 6.954164917550066, 171.21993820915336
c14jmt, 1000, 60, 100, [4], 285873.0634682659, 0.48467519712366036, 8.4006734006734, 8.382642998027613, 7.882809970864358, 8.368540786480338, 182.44826318691418, 175.7935055615357, 176.24723247232473, 173.2450789147012, 8.258666789011427, 176.93352003386894
c14jmt, 1000, 60, 150, [4], 290625.7120964787, 0.4927329374465581, 7.029021976178494, 6.985832926233512, 7.46606334841629, 7.719523962688967, 333.89949476723206, 322.4602591036415, 305.252532308767, 301.76228651097944, 7.300110553379316, 315.843643172655
c14jmt, 1000, 60, 200, [4], 300709.17449530284, 0.509828651420259, 7.7219457376786, 7.853403141361256, 7.399842890809112, 9.005105987931302, 434.3027139874739, 413.6793114973262, 425.1630471666101, 405.9802754633566, 7.995074439445068, 419.78133702869167
c14jmt, 1000, 60, 250, [4], 327496.87796593236, 0.5552450866121629, 6.58851461641193, 7.115135834411385, 7.170738759577852, 6.944444444444445, 527.7783955520255, 506.3288455586506, 499.93910605824635, 501.5788246268657, 6.954708413711403, 508.90629294894705
c14jmt, 1000, 60, 300, [4], 418751.04445813014, 0.7099593174542408, 6.425842306356373, 6.348486566148963, 7.160633484162895, 6.92822315455267, 485.53848057411534, 474.525481176613, 468.8891190447179, 471.64814814814815, 6.7157963778052245, 475.1503072358986
c14jmt, 1000, 60, 350, [4], 419636.50888755743, 0.7114605524487939, 7.146908678389109, 7.406571073726996, 6.71785028790787, 6.3630121309224075, 564.976298106292, 560.7378368491648, 556.6768336964416, 567.032999266683, 6.908585542736596, 562.3559919796453
c14jmt, 1000, 60, 400, [4], 319748.58512550767, 0.5421084681625497, 19.391979301423028, 18.790637191157348, 19.320539419087137, 18.67594023699124, 711.7581447600706, 718.1945556445156, 715.2897782063645, 710.6792841305037, 19.04477403716469, 713.9804406853636
c14jmt, 1000, 60, 450, [4], 246483.1604708076, 0.4178927281202657, 33.604747446867236, 35.84328980272298, 32.843810046664835, 32.07236842105263, 870.8426522552484, 874.4497618016458, 851.6078070713264, 852.2342615012107, 33.59105392932692, 862.2836206573578
c14jmt, 1000, 60, 500, [4], 180633.70225513855, 0.30625017336550997, 48.07455118541866, 54.99018783291281, 50.44575504046084, 51.515569027280236, 934.3185537081024, 953.6325132357521, 925.5217270965957, 938.7266268826371, 51.25651577151813, 938.0498552307718
c14jmt, 1000, 60, 50, [4], 152256.335916021, 0.2581385903524119, 7.048192771084337, 6.3931013975617015, 6.952224052718287, 7.3409461663947795, 173.9750486066105, 175.83926302414233, 176.38703966005664, 171.39014084507042, 6.933616096939776, 174.39787303396997
c14jmt, 1000, 60, 100, [4], 281331.71162465226, 0.4769756938080719, 7.514450867052023, 7.224146462147452, 7.105835144624645, 7.051282051282051, 192.58952205882352, 187.8096, 192.12419006479482, 202.18732525629076, 7.223928631276543, 193.67765934497726
c14jmt, 1000, 60, 150, [4], 405208.5769980507, 0.6869991336365605, 7.047175305765871, 6.849151326798948, 6.779661016949152, 6.943954881917519, 207.92418546365914, 216.4955729500834, 202.89793103448275, 202.7973484848485, 6.904985632857873, 207.52875948326846
c14jmt, 1000, 60, 200, [4], 418250.75800486456, 0.7091111212918846, 6.968562024741801, 7.004522787892845, 6.879024059640799, 6.604630049931911, 289.4354031962913, 297.2981668537224, 288.31319747695295, 292.03025516403403, 6.864184730551839, 291.76925567275015
c14jmt, 1000, 60, 250, [4], 413926.0640777992, 0.701778944359333, 7.009770506703022, 6.589728793998846, 7.242779783393502, 6.458135109419601, 384.201466096518, 394.34803558191254, 372.1808562393578, 402.3818181818182, 6.825103548378743, 388.27804402490165
c14jmt, 1000, 60, 300, [4], 415763.4365634365, 0.7048940642690642, 6.258549931600547, 7.136290507929212, 6.926406926406926, 6.0967063770147165, 477.9547610361182, 477.406261601287, 474.0115055079559, 492.35833333333335, 6.60448843573785, 480.43271536967364
c14jmt, 1000, 60, 350, [4], 415461.3655661555, 0.7043819267546853, 7.309346005883683, 6.987452515252676, 6.808174325392345, 6.797706797706797, 562.198974609375, 575.344306930693, 556.4031984492367, 578.7852121516445, 6.975669911058875, 568.1829230352373
c14jmt, 1000, 60, 400, [4], 357579.18393847067, 0.6062472600953347, 10.488899975056123, 11.721198445530902, 12.636056549480795, 11.346960167714885, 712.3778737634109, 712.750781028117, 706.7075755405986, 750.3845699083654, 11.548278784445674, 720.555200060123
c14jmt, 1000, 60, 450, [4], 242167.6903870162, 0.41057618948536545, 35.25979438732981, 44.43318372665412, 30.02691790040377, 29.69713213615653, 865.4381974248927, 893.3223032829599, 833.7234083477592, 825.5026686999619, 34.85425703763606, 854.4966444388933
c14jmt, 1000, 60, 500, [4], 188215.74111066718, 0.3191049213166422, 43.010608298643746, 52.33815475354585, 39.08690428514217, 63.298879021691654, 898.6451460885957, 935.5883912787272, 887.2721893491124, 970.7996826656089, 49.43363658975586, 923.076352345511
jwestin, 1000, 60, 50, [4], 214909.99966678885, 0.36436292803749737, 2.3629068212215785, 2.214765100671141, 2.4604141291108403, 2.4384355383872522, 153.45479452054795, 155.27041866849692, 154.38311688311688, 152.63721851026975, 2.369130397347703, 153.93638714560788
jwestin, 1000, 60, 100, [4], 339613.3331112258, 0.5757875791951935, 1.8139262726740786, 1.8964479229379894, 2.008670520231214, 2.1120431396045536, 204.39019666269368, 210.344430806996, 200.3222238607875, 207.45799540933436, 1.9577719638619588, 205.6287116849529
jwestin, 1000, 60, 150, [4], 398532.5648799015, 0.6756804824488346, 1.7189079878665317, 2.001006795872137, 2.0554854981084487, 1.7827997489014438, 274.97170781893004, 271.56735584949274, 264.11587485515645, 264.85798287102136, 1.8895500076871403, 268.87823034865016
jwestin, 1000, 60, 200, [4], 468390.9654207475, 0.7941198822373242, 2.043906131718395, 1.9118428040361128, 2.1474358974358974, 1.9895175954647557, 309.3083462132921, 304.43573362208986, 304.844087782509, 306.1675215540762, 2.02317560716379, 306.18892229299183
jwestin, 1000, 60, 250, [4], 453480.47753042844, 0.7688403278442865, 1.905174280147218, 1.9298809906722418, 3.6041394076364934, 1.9187479901382785, 396.50474508938424, 392.37586093801247, 418.0372655478776, 385.7937704918033, 2.339485667148558, 398.1779105167694
jwestin, 1000, 60, 300, [4], 420730.6571652154, 0.7133155944234473, 1.909740744692201, 2.0486967714255067, 5.50410623798707, 1.6623766623766623, 468.3786164890146, 470.18309242225143, 763.5597263313609, 472.2047115279747, 2.78123010412036, 543.5815366926504
jwestin, 1000, 60, 350, [4], 422725.42914703384, 0.7166975727454865, 2.3228304118722445, 1.996993772815117, 4.173678895994614, 2.0229048485497163, 555.062754596499, 555.4819237510956, 866.8895328415877, 547.3258684727988, 2.629101982307923, 631.1900199154952
jwestin, 1000, 60, 400, [4], 399975.2284872397, 0.6781264046346701, 1.9239036973344799, 2.161987737979994, 37.528679121599474, 1.8253210230287593, 634.697205479452, 633.9926341248901, 947.5595487932844, 626.7926710625878, 10.859972894985676, 710.7605148650537
jwestin, 1000, 60, 450, [4], 413744.0029298664, 0.7014702740645792, 2.0819918437432925, 1.8639528655597215, 33.39655873187915, 2.042343883661249, 718.0669662428759, 716.8159589564458, 787.3006509357201, 709.276279882109, 9.846211831210853, 732.8649640042877
jwestin, 1000, 60, 500, [4], 440606.08682629745, 0.7470128153928925, 4.434565759514258, 4.4648719632304665, 9.681712321171121, 4.435746901500326, 795.3309507601543, 802.5520045819015, 794.8751227897839, 797.845164960182, 5.754224236354044, 797.6508107730054
jwestin, 1000, 60, 50, [4], 231387.89656091706, 0.392299900582067, 2.1027573894068636, 2.7346637102734666, 2.1864951768488745, 1.8004660029654735, 136.14569402228977, 168.76646403242148, 135.19022572868727, 136.43248490077653, 2.2060955698736695, 144.13371717104377
jwestin, 1000, 60, 100, [4], 315875.5081639453, 0.5355419721204042, 2.1463282937365014, 3.6807705538355697, 1.971830985915493, 1.9531772575250836, 184.156573320458, 495.1532142857143, 184.20771756978652, 183.78237140128257, 2.4380267727531617, 261.82496914431033
jwestin, 1000, 60, 150, [4], 320420.11262537073, 0.5432469899925584, 2.1483853749666397, 6.322207958921694, 1.9885987007821821, 1.8575029852726548, 287.2873312423292, 706.4487838300788, 278.3561477072907, 279.3021495200757, 3.0791737549857925, 387.8486030749436
jwestin, 1000, 60, 200, [4], 337276.204437929, 0.5718251621465539, 1.8860711099783358, 14.244031830238727, 2.267832256429748, 2.155718995688562, 369.28834913625144, 751.6517166718219, 364.7437127301011, 365.51075686884394, 5.138413548083844, 462.79863385175463
jwestin, 1000, 60, 250, [4], 399350.79336008395, 0.6770677242026163, 2.2641926220455044, 6.753246753246753, 2.163884007029877, 2.0353687020353686, 402.72505367838176, 729.7257338761517, 394.45222858425956, 400.3346957311535, 3.3041730210893756, 481.8094279674866
jwestin, 1000, 60, 300, [4], 419210.01131598215, 0.7107374595065344, 2.18713325509442, 2.034624308406211, 2.086470208647021, 1.9310045563028857, 466.9742582897033, 794.3284751320823, 471.14202548330405, 476.58716814159294, 2.0598080821126343, 552.2579817616706
jwestin, 1000, 60, 350, [4], 358237.23848676, 0.6073629396002197, 3.8763214732295106, 41.02091020910209, 3.743920370998756, 4.404205607476635, 580.9181646168402, 919.9197080291971, 570.7782608695652, 588.476720029329, 13.261339415201748, 665.0232133862329
jwestin, 1000, 60, 400, [4], 327431.45382809767, 0.5551341651545166, 11.369967080273486, 23.100436681222707, 11.606466279363476, 16.38477801268499, 720.127, 798.2899867499527, 714.7115302186027, 725.7572692793932, 15.615412013386164, 739.7214465619871
jwestin, 1000, 60, 450, [4], 297111.72896029305, 0.5037294666888649, 26.18710590657573, 19.701492537313435, 27.633143914365004, 26.022848034006373, 803.3575662482566, 789.4744423791822, 813.6921110299488, 831.3903752917938, 24.886147598065136, 809.4786237372955
jwestin, 1000, 60, 500, [4], 174120.732986036, 0.2952079484490899, 63.88550548112059, 50.98803228499861, 47.95467108899945, 45.65157750342936, 997.8081787521079, 913.3197047132311, 915.9922995220393, 903.3581524482585, 52.119946589637, 932.6195838589091
jwestin, 1000, 60, 50, [4], 211489.20287923224, 0.3585632373033858, 1.754785779398359, 2.2985837009519385, 2.0605759682224427, 1.4074253821887892, 162.8431918348411, 161.2578422053232, 161.23979721166032, 162.612109278858, 1.8803427076903823, 161.98823513267064
jwestin, 1000, 60, 100, [4], 438433.05564811727, 0.7433286126846607, 2.138364779874214, 2.2629065271776208, 2.0987795140869165, 2.4144638974711063, 152.77039027810235, 150.39860383944153, 152.2721659093557, 150.53986866791746, 2.228628679652464, 151.49525717370426
jwestin, 1000, 60, 150, [4], 340400.7130599937, 0.5771225197007813, 2.3952095808383236, 2.6710194390859177, 2.4201778684939494, 2.5427444103463395, 315.2308843333832, 318.23494435127304, 305.1913939937248, 305.0863697705803, 2.5072878246911325, 310.93589811224035
jwestin, 1000, 60, 200, [4], 289029.9193709602, 0.49002739693698494, 1.8544194107452339, 2.2926146307315367, 1.9762845849802373, 2.1339347675225535, 507.45064453469894, 510.11051406054094, 502.226683029453, 506.7245169296224, 2.06431334849489, 506.6280896385788
jwestin, 1000, 60, 250, [4], 285995.0034975517, 0.48488193681089903, 4.008833021912689, 5.935506732813607, 3.883333333333333, 3.8579720040969616, 618.5929923907273, 638.7353550574496, 596.9892491763482, 612.7088068181819, 4.421411273039148, 616.7566008606767
jwestin, 1000, 60, 300, [4], 380208.1494679699, 0.6446128836194694, 1.992966002344666, 2.0206075204067977, 1.9245979435802794, 2.02684917083443, 573.9880382775119, 590.3617863971592, 581.5120967741935, 580.3269747447608, 1.9912551592915433, 581.5472240484064
jwestin, 1000, 60, 350, [4], 467680.01597922697, 0.7929145236192949, 1.840817195147904, 1.8964963034394087, 2.001721911321567, 1.8660338690540395, 551.5153387533875, 555.0278505897772, 550.541511091588, 552.3855792481864, 1.9012673197407297, 552.3675699207347
jwestin, 1000, 60, 400, [4], 468537.1464717927, 0.7943677206620834, 1.9846350832266324, 1.8417970829340997, 2.0679309975356266, 2.0761617900172116, 630.049858480296, 628.9322125813449, 631.8463894967177, 634.7608480720642, 1.9926312384283924, 631.3973271576057
jwestin, 1000, 60, 450, [4], 466476.10486891377, 0.7908733874323761, 1.833674900226513, 1.9660507090674688, 2.0482573726541555, 2.2695642864789636, 722.1235029117679, 718.466301369863, 711.0850667834465, 708.6864935918502, 2.0293868171067753, 715.0903411642319
jwestin, 1000, 60, 500, [4], 416690.37155413505, 0.7064656093243663, 6.546300398759415, 12.774928774928776, 6.04802513464991, 8.157270364930516, 811.1315633519023, 820.2107394826235, 823.396990326048, 824.2478779677697, 8.381631168317154, 819.7467927820858
jwestin, 1000, 60, 50, [4], 250788.04438372597, 0.4251913187386847, 2.0282016611937412, 1.7867435158501441, 1.7702758336764102, 2.0253164556962027, 132.64629337539432, 134.1244131455399, 132.64228834870076, 134.10615848406547, 1.9026343666041245, 133.3797883384251
jwestin, 1000, 60, 100, [4], 410445.2588791897, 0.695877514104529, 2.073960276528037, 1.924557351809084, 1.8532567465048229, 1.745771958537916, 146.34424025100853, 273.2605965463108, 146.42877650176678, 148.34403109383675, 1.8993865833449648, 178.5944110982307
jwestin, 1000, 60, 150, [4], 402377.09259907046, 0.6821985755056941, 2.1793342730131195, 1.8315018315018317, 1.7696232765172077, 2.0040943863807783, 229.9149855907781, 510.5764925373134, 226.80879752431477, 222.961407366685, 1.9461384418532341, 297.56542075477284
jwestin, 1000, 60, 200, [4], 436386.3144218276, 0.73985852461383, 2.018583787247677, 2.10762331838565, 2.078005115089514, 1.835253947930004, 305.54327447133204, 435.29378531073445, 304.29034715420613, 306.64228260869567, 2.0098665421632114, 337.9424223862421
jwestin, 1000, 60, 250, [4], 438433.30280576134, 0.7433290317209225, 1.979771895846783, 1.7246920192822712, 1.9757328465585742, 2.0806612512469718, 393.49154774972556, 393.10333551340744, 385.91214809946325, 518.6348420899433, 1.94021450323365, 422.78546836313484
jwestin, 1000, 60, 300, [4], 449756.2275209804, 0.7625261561431553, 1.6572176188399477, 1.804461942257218, 1.9919451398715575, 4.446004446004446, 480.23425720620844, 480.8388461966811, 477.53498445135494, 490.1591771764418, 2.474907286743292, 482.1918162576715
jwestin, 1000, 60, 350, [4], 446163.1484317773, 0.7564343743757076, 1.9881145326850351, 2.1638993036957688, 2.094688468526237, 9.959349593495935, 559.5226546136038, 553.4611847147706, 546.1348106101954, 557.7702828309654, 4.051512974600744, 554.2222331923838
jwestin, 1000, 60, 400, [4], 418945.11860174773, 0.7102883548342349, 2.149272882805817, 6.152300133988388, 1.888412017167382, 21.431344635693026, 630.238990274287, 632.8628197501487, 633.3934820647419, 667.8609784220063, 7.9053324174136534, 641.0890676277959
jwestin, 1000, 60, 450, [4], 412455.8074503145, 0.6992862403874962, 3.066164604626143, 9.871634669998866, 8.38716863443974, 15.007785363516588, 713.4450610432852, 729.3065288631208, 717.2103343465045, 747.1588218714769, 9.083188318145334, 726.7801865310969
jwestin, 1000, 60, 500, [4], 421460.60908637044, 0.714553170244633, 22.010193196633875, 1.884760366182014, 1.5105411866985436, 8.684064408661854, 816.6332826747721, 792.2319429198683, 800.6276067527309, 797.7391462969719, 8.522389789544071, 801.8079946610858
jwestin, 1000, 60, 50, [4], 238003.73233804322, 0.40351652753710127, 2.0338300443012485, 2.038320423970648, 2.1917201682532657, 1.892538612138351, 139.25858170606372, 141.0185185185185, 140.00135808057945, 139.3917960088692, 2.0391023121658782, 139.91756357850772
jwestin, 1000, 60, 100, [4], 272724.5826252124, 0.46238298649294096, 2.0697913102976395, 1.872308556450103, 1.8928035982008995, 2.1252153934520392, 240.0389519650655, 266.0473192138905, 266.356446991404, 270.71322378716746, 1.9900297146001704, 260.78898548938184
jwestin, 1000, 60, 150, [4], 421931.0597604251, 0.7153507822001566, 2.2065412186379927, 2.127901684114702, 2.2912885662431943, 1.9799219185722254, 237.89668995533157, 242.65864434368098, 233.45565358718366, 294.87311522048367, 2.1514133468920287, 252.22102577666996
jwestin, 1000, 60, 200, [4], 450434.10465290624, 0.7636754432727495, 2.0484770484770483, 2.3840130886993105, 2.2170112982306542, 3.5222397832467824, 306.642067228731, 331.5411229498384, 303.3424896446479, 311.4157500585069, 2.5429353046634486, 313.23535747043104
jwestin, 1000, 60, 250, [4], 447560.913874642, 0.7588041752703213, 1.9327282434596904, 2.358490566037736, 1.9927148060852797, 2.629491102799501, 390.80618466898954, 442.1569428960733, 385.0614341932663, 404.072168548481, 2.2283561795955515, 405.5241825767025
jwestin, 1000, 60, 300, [4], 465807.1390516782, 0.7897392087329071, 1.8606663781912594, 1.9696480464966095, 2.06970509383378, 1.9780692324231348, 475.3925264550264, 472.0122968818621, 469.8249014454665, 471.7306426847993, 1.969522187736196, 472.24009186678853
jwestin, 1000, 60, 350, [4], 439302.8537178249, 0.7448032866038428, 2.0536100302637266, 11.108343711083437, 1.9861830742659756, 1.9128931157462443, 559.0347605385125, 574.0804146819837, 552.2400881057268, 553.1283605112384, 4.2652574828398455, 559.6209059593654
jwestin, 1000, 60, 400, [4], 434314.33137986145, 0.7363456410384479, 1.948466780238501, 6.630659618478512, 6.473418881759853, 4.9596050269299825, 628.5350200890433, 656.6067692307693, 656.4595124341541, 647.9487603305785, 5.003037576851712, 647.3875155211363
jwestin, 1000, 60, 450, [4], 438649.19864334643, 0.743695066059276, 2.0831107787629524, 1.8524467287718172, 14.187927815805848, 1.9129500268672754, 713.0775692777656, 715.5344752345625, 776.547063089195, 711.3468828749862, 5.009108837551973, 729.1264976191273
jwestin, 1000, 60, 500, [4], 424033.4037562591, 0.718915140374517, 1.8620170057044452, 2.1634357930812897, 9.581255074817307, 16.124486200822076, 797.6864443957008, 793.2549534756431, 819.497498396408, 809.2023242789135, 7.43279851860628, 804.9103051366665
jwestin, 1000, 60, 50, [4], 256797.68054120705, 0.435380182124171, 1.7341040462427744, 1.832262939176426, 1.8089430894308942, 1.8320296418279127, 129.94554079696394, 130.9347700596498, 130.28462016145727, 131.99014468442022, 1.801834929169502, 130.7887689256228
jwestin, 1000, 60, 100, [4], 423635.4487745547, 0.7182404391387172, 2.12858384013901, 2.0443482963764197, 2.0766085646653756, 3.8380566801619436, 144.30048823790503, 144.44500883392226, 143.31578947368422, 211.51667228022905, 2.5218993453356875, 160.89448970643514
jwestin, 1000, 60, 150, [4], 397952.586422324, 0.6746971747882826, 2.9236276849642007, 2.7774494740574402, 2.750209255052015, 5.935098206660974, 249.0503995082975, 247.2873814733771, 243.24062461576295, 264.1879255560599, 3.596596155183658, 250.94158278837435
jwestin, 1000, 60, 200, [4], 355327.6246959651, 0.6024299192572108, 1.9350380096751902, 1.9148050506452061, 2.032129616916106, 3.0262172284644193, 400.71952078928825, 403.04201442919793, 397.98584442887176, 429.6042020701375, 2.2270474764252306, 407.8378954293739
jwestin, 1000, 60, 250, [4], 344129.88959384523, 0.5834450439348776, 7.808417997097242, 3.372395833333333, 10.570236439499304, 3.8219895287958114, 486.5683249370277, 472.68966446570545, 501.36391912908243, 463.8862275449102, 6.393259949681422, 481.12703401918145
jwestin, 1000, 60, 300, [4], 360087.11578807153, 0.610499260437133, 4.69991778569471, 1.7864231838030966, 1.6440878600552413, 8.611191649753552, 592.8324946081956, 585.696038803557, 583.0115004011768, 610.7374682741116, 4.18540511982665, 593.0693755217602
jwestin, 1000, 60, 350, [4], 357729.81614708237, 0.6065026451061374, 4.91030509362315, 5.775358470525757, 5.476066597294485, 10.82372786055665, 663.6761222803635, 670.4128505002113, 649.1610017889087, 683.7693883984867, 6.746364505500011, 666.7548407419926
jwestin, 1000, 60, 400, [4], 324574.39688327257, 0.5502902507922237, 11.488774614323342, 12.63171421228476, 13.038416763678695, 29.586752637749118, 713.4581266827264, 729.904397705545, 734.2104715156923, 773.1927159209157, 16.68641455700898, 737.6914279562199
jwestin, 1000, 60, 450, [4], 436655.9888115614, 0.7403157362392195, 4.442489553551792, 9.037571928241002, 4.5724335018685425, 4.482683033757124, 725.2033371691599, 731.6302406350782, 719.9153420870767, 717.3744119334481, 5.633794504354615, 723.5308329561908
jwestin, 1000, 60, 500, [4], 317375.2330226365, 0.5380846371504661, 25.99456387447492, 25.451439726695952, 23.565573770491806, 23.233173076923077, 824.1385642737896, 841.9400981996727, 831.5428165904432, 838.4648504775325, 24.56118761214644, 834.0215823853596
jwestin, 1000, 60, 50, [4], 206783.504123969, 0.3505850967813602, 1.9980970504281639, 1.9680481592961332, 1.8834756403817179, 1.863041289023162, 168.4393203883495, 163.93316013226263, 164.27156385973893, 165.27398665982554, 1.9281655347822941, 165.47950776004416
jwestin, 1000, 60, 100, [4], 328380.55884166155, 0.5567432977323091, 2.034211742949607, 2.0024271844660197, 1.9917895697126347, 2.0511250574008875, 214.50369671228566, 210.8125386996904, 211.4311200744648, 212.79184247538677, 2.019888388632287, 212.38479949045694
jwestin, 1000, 60, 150, [4], 452951.61935225915, 0.7679436905793239, 2.0263671875, 1.9873240949618647, 2.2819798585815296, 2.03862660944206, 262.81821579865436, 228.8867821131083, 219.4269268720535, 221.83362541073384, 2.0835744376213636, 233.2413875486375
jwestin, 1000, 60, 200, [4], 452281.7351902445, 0.7668079548988249, 2.010415405110815, 2.204623287671233, 1.6250538097287988, 2.071747900992258, 348.26733407489803, 304.79273363974613, 310.72847609670714, 312.0512192406191, 1.9779601008757763, 318.95994076299263
jwestin, 1000, 60, 250, [4], 454709.4109614136, 0.7709238873993149, 2.0512263946168874, 2.3185592580610375, 2.0721494524371913, 2.783277046698498, 394.590027700831, 390.2145065135792, 383.1505317399408, 411.64338763775754, 2.3063030379534033, 394.89961339802716
jwestin, 1000, 60, 300, [4], 451407.4518030167, 0.7653256764780964, 1.9168986935103876, 1.9863974954118537, 1.8037135278514589, 4.708465479385216, 469.7573970957528, 473.4618350038551, 466.1519178822258, 523.9974398361495, 2.603868799039729, 483.34214745449583
jwestin, 1000, 60, 350, [4], 457811.49409982853, 0.7761832243174719, 1.8554268554268554, 1.9498607242339834, 2.0753102267864785, 5.173000567214975, 555.8990274286963, 554.6875, 546.8382128031461, 565.00933125972, 2.7633995934155733, 555.6085178728906
jwestin, 1000, 60, 400, [4], 444355.64435564436, 0.753369893994894, 1.8454565076624216, 1.6927362331262055, 1.9993584946006628, 7.605811749842071, 637.738207806487, 633.639385353095, 630.8996290639319, 712.9991795432791, 3.2858407463078403, 653.8191004416983
jwestin, 1000, 60, 450, [4], 449990.410229089, 0.7629231944259457, 1.8778329376214116, 1.7964716006884682, 1.8476742936942743, 5.953667026767495, 721.7437307523097, 719.1108555153905, 711.9189011710627, 763.8719846841097, 2.8689114646929124, 729.1613680307182
jwestin, 1000, 60, 500, [4], 451717.3384815098, 0.7658510648625859, 2.037970610318567, 2.095076039561842, 2.0133505598621877, 8.09584738862394, 794.1333625314793, 787.7287638496632, 797.397978244149, 845.4223516010632, 3.560561149591634, 806.1706140565886
jwestin, 1000, 60, 50, [4], 236694.53654797806, 0.4012968894924216, 1.920860545524395, 1.9483024691358024, 2.316684378320935, 4.82051282051282, 132.608499804152, 133.2992327365729, 132.56549173194082, 139.7219827586207, 2.751590053373488, 134.5488017578216
jwestin, 1000, 60, 100, [4], 444496.2180533804, 0.7536082255950596, 2.212244003942613, 1.7039288039939222, 1.9823548633046508, 3.677018633540373, 144.94254675775562, 147.80931875897096, 146.18157573063675, 152.846401857106, 2.39388657619539, 147.94496077611734
jwestin, 1000, 60, 150, [4], 468345.4157782516, 0.7940426564165779, 1.8168216308645933, 1.9860440150295224, 1.843910806174957, 1.9742489270386268, 229.0179601610972, 228.83789704271632, 222.98875054609, 222.38769702276707, 1.9052563447769248, 225.80807619316764
jwestin, 1000, 60, 200, [4], 446151.3243378311, 0.7564143275584431, 1.9267822736030826, 2.148813341885824, 1.7809247934770949, 5.223402893355524, 306.690133158699, 305.0432645034415, 308.58689240851993, 341.42725921923545, 2.7699808255803813, 315.436887322474
jwestin, 1000, 60, 250, [4], 432202.97672560177, 0.732766006004506, 1.9398848859518227, 1.9772189984955941, 1.93631669535284, 10.879305516661999, 390.0419565217391, 392.99495724621795, 387.13931548924967, 451.3205027494108, 4.183181524115564, 405.3741830016544
jwestin, 1000, 60, 300, [4], 449468.3493723152, 0.7620380814824681, 1.9884541372674793, 2.0349148548784406, 2.063067878140032, 7.564442303059504, 468.95473385689354, 469.2394227615612, 468.51528050643964, 496.72830336200155, 3.4127197933363638, 475.85943512172395
jwestin, 1000, 60, 350, [4], 430411.40041286545, 0.7297285298883488, 2.052536424545358, 1.8700577046377433, 2.1132804119287707, 15.738963531669867, 550.0872964169381, 553.520962648372, 548.261698630137, 608.2888057273024, 5.443709518195435, 565.0396908556872
jwestin, 1000, 60, 400, [4], 449133.7240277037, 0.7614707506437577, 2.0255063765941483, 2.1550337729173368, 2.0095693779904304, 9.551426204284532, 631.9010063443448, 632.502191540653, 627.3352864583334, 663.5706621303324, 3.935383932946612, 638.8272866184159
jwestin, 1000, 60, 450, [4], 436396.7635600839, 0.7398762403023341, 8.904649330181245, 2.0260803965944607, 2.081554227156277, 10.31260814396124, 732.5569698467623, 720.5525244747553, 707.392783167993, 740.1144694533762, 5.831223024473306, 725.1541867357216
jwestin, 1000, 60, 500, [4], 465957.99913468893, 0.789994980086753, 2.230323825863178, 2.174844653953289, 2.1057155135367425, 1.6961970613656008, 792.8211230533011, 793.2391851932975, 794.91297190518, 800.5970985822618, 2.0517702636797024, 795.3925946835101
jwestin, 1000, 60, 50, [4], 253376.655836041, 0.42958010497375654, 1.9267455169782524, 2.1210352208600893, 1.8316526034163407, 1.679481991096722, 131.6327562730986, 133.1986083499006, 131.86058700209642, 130.76826507511834, 1.8897288330878512, 131.8650541750535
jwestin, 1000, 60, 100, [4], 464986.9039288213, 0.788348564874982, 2.1497245327859997, 2.1230736070697276, 1.737265415549598, 1.7293887317815966, 143.36288363877236, 142.82724069588195, 145.6634290079668, 147.85722191477586, 1.9348630717967303, 144.92769381434925
jwestin, 1000, 60, 150, [4], 466675.5077220398, 0.7912114592184106, 1.9375672766415502, 2.0488741863194964, 1.9950393615874042, 2.1093413689195004, 229.64511525795828, 226.73820677633728, 223.11795774647888, 222.0047273526825, 2.0227055483669876, 225.37650178336423
jwestin, 1000, 60, 200, [4], 468596.94132542564, 0.7944690981130399, 1.8124932570935375, 2.129948364888124, 1.955128205128205, 2.002542911633821, 310.22272277771674, 306.8274346010112, 306.011986487959, 302.9803221969943, 1.975028184685922, 306.51061651592033
jwestin, 1000, 60, 250, [4], 452617.7876209349, 0.7673777052492521, 2.0074263170109075, 2.0151133501259446, 1.9069412662090008, 1.982570806100218, 425.74114860864415, 400.7947915502403, 392.53221506331926, 391.8470771282507, 1.978012934861518, 402.7288080876136
jwestin, 1000, 60, 300, [4], 428928.9592006661, 0.7272151679156259, 14.787071715910669, 1.9106912838127952, 2.199334835318099, 2.0572163291546124, 544.694774540127, 471.284963887065, 469.2969504168495, 469.52280932064326, 5.238578541049043, 488.6998745411712
jwestin, 1000, 60, 350, [4], 449078.2446560565, 0.7613766897516149, 5.005165882217885, 2.475193544869698, 2.156776877600175, 1.9462059916903565, 569.7593957703928, 562.2293157423971, 559.715676401477, 559.8382024977699, 2.8958355740945283, 562.8856476030093
jwestin, 1000, 60, 400, [4], 433921.27872127865, 0.7356792513042513, 14.534433840598401, 2.0158696118378727, 2.1347708894878705, 2.0153033732083196, 710.6724007846688, 628.5579995622675, 631.7957474936653, 631.8386493620766, 5.175094428783116, 650.7161993006695
jwestin, 1000, 60, 450, [4], 430034.4896464479, 0.7290895074572209, 14.087538866299928, 8.024481468888133, 1.8378031841008655, 1.8655516243165007, 770.1030066815144, 741.3122612446087, 708.9297920975291, 710.7573473178193, 6.453843785901357, 732.775601835368
jwestin, 1000, 60, 500, [4], 466498.3530194643, 0.790911107414185, 2.1133525456292026, 2.037970610318567, 2.021621621621622, 2.2865690778929375, 791.7391778432014, 795.7189313478594, 801.9623744896834, 791.8816839803171, 2.1148784638655824, 795.3255419152654
jwestin, 1000, 60, 50, [4], 242404.43785503675, 0.4109775761159884, 1.7914388082217612, 2.5048923679060664, 1.670401303727847, 3.3685763462011313, 131.2215821812596, 130.63006824568447, 131.9105034182722, 146.49211195928754, 2.333827206514201, 135.06356645112595
jwestin, 1000, 60, 100, [4], 456178.3346106428, 0.7734143314118157, 1.867645471229623, 1.912835561352027, 2.0763851533082303, 2.6431209602954757, 145.56369636963697, 146.10160664819944, 142.99384750604264, 149.2978067575578, 2.124996786546339, 145.98923932035922
jwestin, 1000, 60, 150, [4], 465229.66196291416, 0.7887601419455875, 2.010910257781581, 1.9237039452233453, 2.2913080895008604, 2.0153033732083196, 226.86060473747406, 231.60837765957447, 219.53132225035782, 222.0244170699516, 2.060306416428527, 225.00618042933948
jwestin, 1000, 60, 200, [4], 436605.28113286133, 0.740229765375538, 2.0103203612126426, 2.2188548544214743, 1.8406889128094726, 5.655703866795101, 306.5675260559517, 307.077706442329, 308.00482509047043, 364.7784422403734, 2.931391998809673, 321.6071249572811
jwestin, 1000, 60, 250, [4], 458022.0160873983, 0.7765401477176213, 1.8628831365753278, 1.7587131367292226, 1.8677544010304852, 3.0083821334251923, 396.92539454806314, 393.5212313066259, 386.7907460074382, 407.0417899846099, 2.124433201940057, 396.0697904616843
jwestin, 1000, 60, 300, [4], 439598.8876492432, 0.7453051887499376, 2.3103748910200523, 1.872946330777656, 2.030018356548969, 8.313657263576488, 475.11925479696566, 479.9405067529858, 471.9589992284801, 491.0534020059637, 3.631749210480791, 479.51804069609875
jwestin, 1000, 60, 350, [4], 465159.7136673881, 0.7886415501359525, 1.9023191193758684, 2.02355460385439, 2.050896596155911, 2.9344636452559505, 553.2030722300905, 553.7176264889083, 548.6290287217715, 551.3909976486395, 2.22780849116053, 551.7351812723525
jwestin, 1000, 60, 400, [4], 467613.36730106396, 0.7928015260502522, 1.6616314199395772, 1.8234473881797706, 2.0478181623244343, 1.9683354728284124, 638.124972569673, 633.2913798754506, 632.3278239929947, 631.3828022697512, 1.8753081108180487, 633.7817446769674
jwestin, 1000, 60, 450, [4], 466298.0437858987, 0.790571498931713, 2.0051746442432083, 2.240566037735849, 1.9967620075553156, 1.8391787852865698, 720.7756875687569, 716.5676060971598, 715.0527533039648, 708.9407407407407, 2.020420368705236, 715.3341969276555
jwestin, 1000, 60, 500, [4], 468128.04421287426, 0.7936741200983247, 1.7895644674428632, 1.9612068965517242, 1.92102454642476, 1.7897091722595078, 798.6784851811196, 798.0185755111013, 790.4650707290533, 789.5268467295803, 1.8653762706697137, 794.1722445377136
